PLMD.ID,Uniprot.Accession,Position,Type,Sequence,Species,PMIDs,
PLMD-6,O00148,187,Succinylation,MAEQDVENDLLDYDEEEEPQAPQESTPAPPKKDIKGSYVSIHSSGFRDFLLKPELLRAIVDCGFEHPSEVQHECIPQAILGMDVLCQAKSGMGKTAVFVLATLQQIEPVNGQVTVLVMCHTRELAFQISKEYERFSKYMPSVKVSVFFGGLSIKKDEEVLKKNCPHVVVGTPGRILALVRNRSFSLKNVKHFVLDECDKMLEQLDMRRDVQEIFRLTPHEKQCMMFSATLSKDIRPVCRKFMQDPMEVFVDDETKLTLHGLQQYYVKLKDSEKNRKLFDLLDVLEFNQVIIFVKSVQRCMALAQLLVEQNFPAIAIHRGMAQEERLSRYQQFKDFQRRILVATNLFGRGMDIERVNIVFNYDMPEDSDTYLHRVARAGRFGTKGLAITFVSDENDAKILNDVQDRFEVNVAELPEEIDISTYIEQSR,Homo sapiens,23954790,
PLMD-6,O00148,333,Succinylation,MAEQDVENDLLDYDEEEEPQAPQESTPAPPKKDIKGSYVSIHSSGFRDFLLKPELLRAIVDCGFEHPSEVQHECIPQAILGMDVLCQAKSGMGKTAVFVLATLQQIEPVNGQVTVLVMCHTRELAFQISKEYERFSKYMPSVKVSVFFGGLSIKKDEEVLKKNCPHVVVGTPGRILALVRNRSFSLKNVKHFVLDECDKMLEQLDMRRDVQEIFRLTPHEKQCMMFSATLSKDIRPVCRKFMQDPMEVFVDDETKLTLHGLQQYYVKLKDSEKNRKLFDLLDVLEFNQVIIFVKSVQRCMALAQLLVEQNFPAIAIHRGMAQEERLSRYQQFKDFQRRILVATNLFGRGMDIERVNIVFNYDMPEDSDTYLHRVARAGRFGTKGLAITFVSDENDAKILNDVQDRFEVNVAELPEEIDISTYIEQSR,Homo sapiens,23954790,
PLMD-6,O00148,52,Succinylation,MAEQDVENDLLDYDEEEEPQAPQESTPAPPKKDIKGSYVSIHSSGFRDFLLKPELLRAIVDCGFEHPSEVQHECIPQAILGMDVLCQAKSGMGKTAVFVLATLQQIEPVNGQVTVLVMCHTRELAFQISKEYERFSKYMPSVKVSVFFGGLSIKKDEEVLKKNCPHVVVGTPGRILALVRNRSFSLKNVKHFVLDECDKMLEQLDMRRDVQEIFRLTPHEKQCMMFSATLSKDIRPVCRKFMQDPMEVFVDDETKLTLHGLQQYYVKLKDSEKNRKLFDLLDVLEFNQVIIFVKSVQRCMALAQLLVEQNFPAIAIHRGMAQEERLSRYQQFKDFQRRILVATNLFGRGMDIERVNIVFNYDMPEDSDTYLHRVARAGRFGTKGLAITFVSDENDAKILNDVQDRFEVNVAELPEEIDISTYIEQSR,Homo sapiens,23954790,
PLMD-31,O00232,405,Succinylation,MADGGSERADGRIVKMEVDYSATVDQRLPECAKLAKEGRLQEVIETLLSLEKQTRTASDMVSTSRILVAVVKMCYEAKEWDLLNENIMLLSKRRSQLKQAVAKMVQQCCTYVEEITDLPIKLRLIDTLRMVTEGKIYVEIERARLTKTLATIKEQNGDVKEAASILQELQVETYGSMEKKERVEFILEQMRLCLAVKDYIRTQIISKKINTKFFQEENTEKLKLKYYNLMIQLDQHEGSYLSICKHYRAIYDTPCIQAESEKWQQALKSVVLYVILAPFDNEQSDLVHRISGDKKLEEIPKYKDLLKLFTTMELMRWSTLVEDYGMELRKGSLESPATDVFGSTEEGEKRWKDLKNRVVEHNIRIMAKYYTRITMKRMAQLLDLSVDESEAFLSNLVVNKTIFAKVDRLAGIINFQRPKDPNNLLNDWSQKLNSLMSLVNKTTHLIAKEEMIHNLQ,Homo sapiens,23954790,
PLMD-31,O00232,98,Succinylation,MADGGSERADGRIVKMEVDYSATVDQRLPECAKLAKEGRLQEVIETLLSLEKQTRTASDMVSTSRILVAVVKMCYEAKEWDLLNENIMLLSKRRSQLKQAVAKMVQQCCTYVEEITDLPIKLRLIDTLRMVTEGKIYVEIERARLTKTLATIKEQNGDVKEAASILQELQVETYGSMEKKERVEFILEQMRLCLAVKDYIRTQIISKKINTKFFQEENTEKLKLKYYNLMIQLDQHEGSYLSICKHYRAIYDTPCIQAESEKWQQALKSVVLYVILAPFDNEQSDLVHRISGDKKLEEIPKYKDLLKLFTTMELMRWSTLVEDYGMELRKGSLESPATDVFGSTEEGEKRWKDLKNRVVEHNIRIMAKYYTRITMKRMAQLLDLSVDESEAFLSNLVVNKTIFAKVDRLAGIINFQRPKDPNNLLNDWSQKLNSLMSLVNKTTHLIAKEEMIHNLQ,Homo sapiens,23954790,
PLMD-56,O00330,379,Succinylation,MAASWRLGCDPRLLRYLVGFPGRRSVGLVKGALGWSVSRGANWRWFHSTQWLRGDPIKILMPSLSPTMEEGNIVKWLKKEGEAVSAGDALCEIETDKAVVTLDASDDGILAKIVVEEGSKNIRLGSLIGLIVEEGEDWKHVEIPKDVGPPPPVSKPSEPRPSPEPQISIPVKKEHIPGTLRFRLSPAARNILEKHSLDASQGTATGPRGIFTKEDALKLVQLKQTGKITESRPTPAPTATPTAPSPLQATAGPSYPRPVIPPVSTPGQPNAVGTFTEIPASNIRRVIAKRLTESKSTVPHAYATADCDLGAVLKVRQDLVKDDIKVSVNDFIIKAAAVTLKQMPDVNVSWDGEGPKQLPFIDISVAVATDKGLLTPIIKDAAAKGIQEIADSVKALSKKARDGKLLPEEYQGGSFSISNLGMFGIDEFTAVINPPQACILAVGRFRPVLKLTEDEEGNAKLQQRQLITVTMSSDSRVVDDELATRFLKSFKANLENPIRLA,Homo sapiens,23954790,
PLMD-56,O00330,394,Succinylation,MAASWRLGCDPRLLRYLVGFPGRRSVGLVKGALGWSVSRGANWRWFHSTQWLRGDPIKILMPSLSPTMEEGNIVKWLKKEGEAVSAGDALCEIETDKAVVTLDASDDGILAKIVVEEGSKNIRLGSLIGLIVEEGEDWKHVEIPKDVGPPPPVSKPSEPRPSPEPQISIPVKKEHIPGTLRFRLSPAARNILEKHSLDASQGTATGPRGIFTKEDALKLVQLKQTGKITESRPTPAPTATPTAPSPLQATAGPSYPRPVIPPVSTPGQPNAVGTFTEIPASNIRRVIAKRLTESKSTVPHAYATADCDLGAVLKVRQDLVKDDIKVSVNDFIIKAAAVTLKQMPDVNVSWDGEGPKQLPFIDISVAVATDKGLLTPIIKDAAAKGIQEIADSVKALSKKARDGKLLPEEYQGGSFSISNLGMFGIDEFTAVINPPQACILAVGRFRPVLKLTEDEEGNAKLQQRQLITVTMSSDSRVVDDELATRFLKSFKANLENPIRLA,Homo sapiens,27452117,
PLMD-63,O00410,854,Succinylation,MAAAAAEQQQFYLLLGNLLSPDNVVRKQAEETYENIPGQSKITFLLQAIRNTTAAEEARQMAAVLLRRLLSSAFDEVYPALPSDVQTAIKSELLMIIQMETQSSMRKKVCDIAAELARNLIDEDGNNQWPEGLKFLFDSVSSQNVGLREAALHIFWNFPGIFGNQQQHYLDVIKRMLVQCMQDQEHPSIRTLSARATAAFILANEHNVALFKHFADLLPGFLQAVNDSCYQNDDSVLKSLVEIADTVPKYLRPHLEATLQLSLKLCGDTSLNNMQRQLALEVIVTLSETAAAMLRKHTNIVAQTIPQMLAMMVDLEEDEDWANADELEDDDFDSNAVAGESALDRMACGLGGKLVLPMIKEHIMQMLQNPDWKYRHAGLMALSAIGEGCHQQMEGILNEIVNFVLLFLQDPHPRVRYAACNAVGQMATDFAPGFQKKFHEKVIAALLQTMEDQGNQRVQAHAAAALINFTEDCPKSLLIPYLDNLVKHLHSIMVLKLQELIQKGTKLVLEQVVTSIASVADTAEEKFVPYYDLFMPSLKHIVENAVQKELRLLRGKTIECISLIGLAVGKEKFMQDASDVMQLLLKTQTDFNDMEDDDPQISYMISAWARMCKILGKEFQQYLPVVMGPLMKTASIKPEVALLDTQDMENMSDDDGWEFVNLGDQQSFGIKTAGLEEKSTACQMLVCYAKELKEGFVEYTEQVVKLMVPLLKFYFHDGVRVAAAESMPLLLECARVRGPEYLTQMWHFMCDALIKAIGTEPDSDVLSEIMHSFAKCIEVMGDGCLNNEHFEELGGILKAKLEEHFKNQELRQVKRQDEDYDEQVEESLQDEDDNDVYILTKVSDILHSIFSSYKEKVLPWFEQLLPLIVNLICPHRPWPDRQWGLCIFDDVIEHCSPASFKYAEYFLRPMLQYVCDNSPEVRQAAAYGLGVMAQYGGDNYRPFCTEALPLLVRVIQSADSKTKENVNATENCISAVGKIMKFKPDCVNVEEVLPHWLSWLPLHEDKEEAVQTFNYLCDLIESNHPIVLGPNNTNLPKIFSIIAEGEMHEAIKHEDPCAKRLANVVRQVQTSGGLWTECIAQLSPEQQAAIQELLNSA,Homo sapiens,23954790,
PLMD-84,O00479,18,Succinylation,MPKRKAKGDAKGDKAKVKDEPQRRSARLSAKPAPPKPEPRPKKASAKKGEKLPKGRKGKADAGKDGNNPAKNRDASTLQSQKAEGTGDAK,Homo sapiens,23954790,
PLMD-84,O00479,31,Succinylation,MPKRKAKGDAKGDKAKVKDEPQRRSARLSAKPAPPKPEPRPKKASAKKGEKLPKGRKGKADAGKDGNNPAKNRDASTLQSQKAEGTGDAK,Homo sapiens,23954790,
PLMD-87,O00483,10,Succinylation,MLRQIIGQAKKHPSLIPLFVFIGTGATGATLYLLRLALFNPDVCWDRNNPEPWNKLGPNDQYKFYSVNVDYSKLKKERPDF,Homo sapiens,23954790,
PLMD-166,O05293,271,Succinylation,MAVAIARPKLEGNIAVGEDRRIGFAEFGAPQGRAVFWLHGTPGARRQIPTEARVYAEHHNIRLIGVDRPGIGASTPHQYETILAFADDLRTIADTLGIDKMAVVGLSGGGPYTLACAAGLPDRVVAAGVLGGVAPTRGPDAISGGLMRLGSAVAPLLQVGGTPLRLGASLLIRAARPVASPALDLYGLLSPRADRHLLARPEFKAMFLDDLLNGSRKQLAAPFADVIAFARDWGFRLDEVKVPVRWWHGDHDHIVPFSHGEHVVSRLPDAKLLHLPGESHLAGLGRGEEILSTLMQIWDRDLRK,Mycobacterium tuberculosis (strain ATCC 25618 / H37Rv),25363132,25605462
PLMD-167,O05295,243,Succinylation,MLLASLNPAVVSAADIADAVRIDGDVLSRSDLVGAATSVAERVAGAHRVAVLATPTASTVLAITGCLIAGVPVVPVPADVGVTERRHMLTDSGVQAWLGPLPDDPAGLPHIPVRTHARSWHRYPEPSPGAIAMVVYTSGTTGPPKGVQLSRRAIAADLDALAEAWQWTAEDVLVHGLPLYHVHGLVLGLLGSLRFGNRFVHTGKPTPAGYAQACYEAHGTLFFGVPTVWSRVAADQAAAGALKPARLLVSGSAALPVPVFDKLVQLTGHRPVERYGASESLITLSTRADGERRPGWVGLPLAGVQTRLVDDDGGEVPHDGETVGKLQVRGPTLFDGYLNQPDATAAAFDADSWYRTGDVAVVDGSGMHRIVGRESVDLIKSGGYRVGAGEIETVLLGHPDVAEAAVVGVPDDDLGQRIVAYVVGSANVDADGLINFVAQQLSVHKRPREVRIVDALPRNALGKVLKKQLLSEG,Mycobacterium tuberculosis (strain ATCC 25618 / H37Rv),25363132,
PLMD-176,O05598,262,Succinylation,MSRFTEKMFHNARTATTGMVTGEPHMPVRHTWGEVHERARCIAGGLAAAGVGLGDVVGVLAGFPVEIAPTAQALWMRGASLTMLHQPTPRTDLAVWAEDTMTVIGMIEAKAVIVSEPFLVAIPILEQKGMQVLTVADLLASDPIGPIEVGEDDLALMQLTSGSTGSPKAVQITHRNIYSNAEAMFVGAQYDVDKDVMVSWLPCFHDMGMVGFLTIPMFFGAELVKVTPMDFLRDTLLWAKLIDKYQGTMTAAPNFAYALLAKRLRRQAKPGDFDLSTLRFALSGAEPVEPADVEDLLDAGKPFGLRPSAILPAYGMAETTLAVSFSECNAGLVVDEVDADLLAALRRAVPATKGNTRRLATLGPLLQDLEARIIDEQGDVMPARGVGVIELRGESLTPGYLTMGGFIPAQDEHGWYDTGDLGYLTEEGHVVVCGRVKDVIIMAGRNIYPTDIERAAGRVDGVRPGCAVAVRLDAGHSRESFAVAVESNAFEDPAEVRRIEHQVAHEVVAEVDVRPRNVVVLGPGTIPKTPSGKLRRANSVTLVT,Mycobacterium tuberculosis (strain ATCC 25618 / H37Rv),25605462,
PLMD-177,O05773,14,Succinylation,MNQSETEIEILAEKIARWARARSAEIERDRRLPDELVTRLREAGLLRATMPREVAAPELAPGRALRCAEAVARGDASAGWCVSIAITSALLVAYLPARSREEMFGGGRGVAAGVWAPRGTARSVDGGVVVSGRWPFCSGINHADIMFAGCFVDDRQVPSVVALNKDELQVLDTWHTLGLRGTGSHDCVADDVFVPADRVFSVFDGPIVDRPLYRFPVFGFFALSIGAAALGNARAAIDDLVELAGGKKGLGSTRTLAERSATQAAAATAESALGAARALFYEVIEAAWQVSHDAEAVPVTMRNRLRLAATHAVRTSADVVRSMYDLAGGTAIYDNAPLQRRFRDAFTATAHFQVNEASRELPGRVLLDQPADVSML,Mycobacterium tuberculosis (strain ATCC 25618 / H37Rv),25363132,25605462
PLMD-178,O05777,197,Succinylation,MTTPGRPLTTLDKSDVLAGLFAVWHSLDALLDGLLETDWQATSPLPGWDVKAVVSHIIGTESFLLGIAAPEPDTDVSALAHVRNPIGVMNECWVRHLGTESGVGLLERFRAVTSQRRKVLASLSDDEWNAPTTTPSGPDSYGRFMRIRIFDCWMHEQDIRAAVQRPSSDDELGGPASPLVLDEIAATMGFVVGKLAKAPDGSRVLLELTGPLSRSIRVSVDGRARVVDDFGGPAPTATIRLDGLQFTRLAGGRPMSPARSQDVELGGDKELAGHILERLNFVI,Mycobacterium tuberculosis (strain ATCC 25618 / H37Rv),25363132,25605462
PLMD-178,O05777,269,Succinylation,MTTPGRPLTTLDKSDVLAGLFAVWHSLDALLDGLLETDWQATSPLPGWDVKAVVSHIIGTESFLLGIAAPEPDTDVSALAHVRNPIGVMNECWVRHLGTESGVGLLERFRAVTSQRRKVLASLSDDEWNAPTTTPSGPDSYGRFMRIRIFDCWMHEQDIRAAVQRPSSDDELGGPASPLVLDEIAATMGFVVGKLAKAPDGSRVLLELTGPLSRSIRVSVDGRARVVDDFGGPAPTATIRLDGLQFTRLAGGRPMSPARSQDVELGGDKELAGHILERLNFVI,Mycobacterium tuberculosis (strain ATCC 25618 / H37Rv),25363132,25605462
PLMD-180,O05842,136,Succinylation,MSLNGKTMFISGASRGIGLAIAKRAARDGANIALIAKTAEPHPKLPGTVFTAAKELEEAGGQALPIVGDIRDPDAVASAVATTVEQFGGIDICVNNASAINLGSITEVPMKRFDLMNGIQVRGTYAVSQACIPHMKGRENPHILTLSPPILLEKKWLRPTAYMMAKYGMTLCALGIAEEMRADGIASNTLWPRTMVATAAVQNLLGGDEAMARSRKPEVYADAAYVIVNKPATEYTGKTLLCEDVLVESGVTDLSVYDCVPGATLGVDLWVEDANPPGYLPA,Mycobacterium tuberculosis (strain ATCC 25618 / H37Rv),25363132,25605462
PLMD-180,O05842,154,Succinylation,MSLNGKTMFISGASRGIGLAIAKRAARDGANIALIAKTAEPHPKLPGTVFTAAKELEEAGGQALPIVGDIRDPDAVASAVATTVEQFGGIDICVNNASAINLGSITEVPMKRFDLMNGIQVRGTYAVSQACIPHMKGRENPHILTLSPPILLEKKWLRPTAYMMAKYGMTLCALGIAEEMRADGIASNTLWPRTMVATAAVQNLLGGDEAMARSRKPEVYADAAYVIVNKPATEYTGKTLLCEDVLVESGVTDLSVYDCVPGATLGVDLWVEDANPPGYLPA,Mycobacterium tuberculosis (strain ATCC 25618 / H37Rv),25605462,
PLMD-180,O05842,216,Succinylation,MSLNGKTMFISGASRGIGLAIAKRAARDGANIALIAKTAEPHPKLPGTVFTAAKELEEAGGQALPIVGDIRDPDAVASAVATTVEQFGGIDICVNNASAINLGSITEVPMKRFDLMNGIQVRGTYAVSQACIPHMKGRENPHILTLSPPILLEKKWLRPTAYMMAKYGMTLCALGIAEEMRADGIASNTLWPRTMVATAAVQNLLGGDEAMARSRKPEVYADAAYVIVNKPATEYTGKTLLCEDVLVESGVTDLSVYDCVPGATLGVDLWVEDANPPGYLPA,Mycobacterium tuberculosis (strain ATCC 25618 / H37Rv),25363132,25605462
PLMD-180,O05842,230,Succinylation,MSLNGKTMFISGASRGIGLAIAKRAARDGANIALIAKTAEPHPKLPGTVFTAAKELEEAGGQALPIVGDIRDPDAVASAVATTVEQFGGIDICVNNASAINLGSITEVPMKRFDLMNGIQVRGTYAVSQACIPHMKGRENPHILTLSPPILLEKKWLRPTAYMMAKYGMTLCALGIAEEMRADGIASNTLWPRTMVATAAVQNLLGGDEAMARSRKPEVYADAAYVIVNKPATEYTGKTLLCEDVLVESGVTDLSVYDCVPGATLGVDLWVEDANPPGYLPA,Mycobacterium tuberculosis (strain ATCC 25618 / H37Rv),25363132,25605462
PLMD-180,O05842,37,Succinylation,MSLNGKTMFISGASRGIGLAIAKRAARDGANIALIAKTAEPHPKLPGTVFTAAKELEEAGGQALPIVGDIRDPDAVASAVATTVEQFGGIDICVNNASAINLGSITEVPMKRFDLMNGIQVRGTYAVSQACIPHMKGRENPHILTLSPPILLEKKWLRPTAYMMAKYGMTLCALGIAEEMRADGIASNTLWPRTMVATAAVQNLLGGDEAMARSRKPEVYADAAYVIVNKPATEYTGKTLLCEDVLVESGVTDLSVYDCVPGATLGVDLWVEDANPPGYLPA,Mycobacterium tuberculosis (strain ATCC 25618 / H37Rv),25363132,25605462
PLMD-180,O05842,44,Succinylation,MSLNGKTMFISGASRGIGLAIAKRAARDGANIALIAKTAEPHPKLPGTVFTAAKELEEAGGQALPIVGDIRDPDAVASAVATTVEQFGGIDICVNNASAINLGSITEVPMKRFDLMNGIQVRGTYAVSQACIPHMKGRENPHILTLSPPILLEKKWLRPTAYMMAKYGMTLCALGIAEEMRADGIASNTLWPRTMVATAAVQNLLGGDEAMARSRKPEVYADAAYVIVNKPATEYTGKTLLCEDVLVESGVTDLSVYDCVPGATLGVDLWVEDANPPGYLPA,Mycobacterium tuberculosis (strain ATCC 25618 / H37Rv),25363132,25605462
PLMD-180,O05842,6,Succinylation,MSLNGKTMFISGASRGIGLAIAKRAARDGANIALIAKTAEPHPKLPGTVFTAAKELEEAGGQALPIVGDIRDPDAVASAVATTVEQFGGIDICVNNASAINLGSITEVPMKRFDLMNGIQVRGTYAVSQACIPHMKGRENPHILTLSPPILLEKKWLRPTAYMMAKYGMTLCALGIAEEMRADGIASNTLWPRTMVATAAVQNLLGGDEAMARSRKPEVYADAAYVIVNKPATEYTGKTLLCEDVLVESGVTDLSVYDCVPGATLGVDLWVEDANPPGYLPA,Mycobacterium tuberculosis (strain ATCC 25618 / H37Rv),25605462,
PLMD-182,O05856,166,Succinylation,MPSPSSADQVADSPRPRLPADHPGVNELFALLAYGEVAAFYRLTDEARMAPDLRGRISMASMAAAEMGHYELLRNALERRGVDVVSAMSKYTSALENYHRLTTPSTWLEALVKTYVADALAADLYLEIADGLPDEVADVVRAALSETGHSQFVVAEVRAAVTASGKQRSRLALWSRRLLGEAITQAQLVLADHDELVDLVVSGSGGLSQLGAFFDRLQQTHDQRMRELGLS,Mycobacterium tuberculosis (strain ATCC 25618 / H37Rv),25363132,25605462
PLMD-187,O05898,289,Succinylation,MELLRGALRTYAWGSRTAIAEFTGRPVPAAHPEAELWFGAHPGDPAWLQTPHGQTSLLEALVADPEGQLGSASRARFGDVLPFLVKVLAADEPLSLQAHPSAEQAVEGYLREERMGIPVSSPVRNYRDTSHKPELLVALQPFEALAGFREAARTTELLRALAVSDLDPFIDLLSEGSDADGLRALFTTWITAPQPDIDVLVPAVLDGAIQYVSSGATEFGAEAKTVLELGERYPGDAGVLAALLLNRISLAPGEAIFLPAGNLHAYVRGFGVEVMANSDNVLRGGLTPKHVDVPELLRVLDFAPTPKARLRPPIRREGLGLVFETPTDEFAATLLVLDGDHLGHEVDASSGHDGPQILLCTEGSATVHGKCGSLTLQRGTAAWVAADDGPIRLTAGQPAKLFRATVGL,Mycobacterium tuberculosis (strain ATCC 25618 / H37Rv),25363132,25605462
PLMD-187,O05898,307,Succinylation,MELLRGALRTYAWGSRTAIAEFTGRPVPAAHPEAELWFGAHPGDPAWLQTPHGQTSLLEALVADPEGQLGSASRARFGDVLPFLVKVLAADEPLSLQAHPSAEQAVEGYLREERMGIPVSSPVRNYRDTSHKPELLVALQPFEALAGFREAARTTELLRALAVSDLDPFIDLLSEGSDADGLRALFTTWITAPQPDIDVLVPAVLDGAIQYVSSGATEFGAEAKTVLELGERYPGDAGVLAALLLNRISLAPGEAIFLPAGNLHAYVRGFGVEVMANSDNVLRGGLTPKHVDVPELLRVLDFAPTPKARLRPPIRREGLGLVFETPTDEFAATLLVLDGDHLGHEVDASSGHDGPQILLCTEGSATVHGKCGSLTLQRGTAAWVAADDGPIRLTAGQPAKLFRATVGL,Mycobacterium tuberculosis (strain ATCC 25618 / H37Rv),25363132,25605462
PLMD-187,O05898,400,Succinylation,MELLRGALRTYAWGSRTAIAEFTGRPVPAAHPEAELWFGAHPGDPAWLQTPHGQTSLLEALVADPEGQLGSASRARFGDVLPFLVKVLAADEPLSLQAHPSAEQAVEGYLREERMGIPVSSPVRNYRDTSHKPELLVALQPFEALAGFREAARTTELLRALAVSDLDPFIDLLSEGSDADGLRALFTTWITAPQPDIDVLVPAVLDGAIQYVSSGATEFGAEAKTVLELGERYPGDAGVLAALLLNRISLAPGEAIFLPAGNLHAYVRGFGVEVMANSDNVLRGGLTPKHVDVPELLRVLDFAPTPKARLRPPIRREGLGLVFETPTDEFAATLLVLDGDHLGHEVDASSGHDGPQILLCTEGSATVHGKCGSLTLQRGTAAWVAADDGPIRLTAGQPAKLFRATVGL,Mycobacterium tuberculosis (strain ATCC 25618 / H37Rv),25363132,25605462
PLMD-191,O06144,231,Succinylation,MRMSAPEPVYILGAGMHPWGKWGNDFTEYGVVAARAALRDAGVDWRHVQLVAGADTIRNGYPGFVAGATFAQKLGWTGVPVSSSYAACASGSQALQSARAQILAGFCDVALVIGADTTPKGFFAPVGGERKGDPDWQRFHLIGATNTVYFALLARRRMDLYGATVEDFAQVKVKNSRHGLDNPNARYRKENSIDDVLASPVVSDPLRLLDICATSDGAAALIVASKSFTEKHLGSVAGVPSVRAISTVTPKYPQHLPELPDIATDSTAAVPAPERVFKDQILDAAYAEAGIGPEDLSLAEVYDLSTALELDWYEHLGLCPKGEAEALLRSGATTLGGRVPVNPSGGLACFGEAIPAQAIAQVCELTWQLRGQATGRQVADAKVGVTANQGLFGHGSSVIVAR,Mycobacterium tuberculosis (strain ATCC 25618 / H37Rv),25363132,25605462
PLMD-192,O06159,278,Succinylation,MSGEDSIRSFPVPDLGEGLQEVTVTCWSVAVGDDVEINQTLCSVETAKAEVEIPSPYAGRIVELGGAEGDVLKVGAELVRIDTGPTAVAQPNGEGAVPTLVGYGADTAIETSRRTSRPLAAPVVRKLAKELAVDLAALQRGSGAGGVITRADVLAAARGGVGAGPDVRPVHGVHARMAEKMTLSHKEIPTAKASVEVICAELLRLRDRFVSAAPEITPFALTLRLLVIALKHNVILNSTWVDSGEGPQVHVHRGVHLGFGAATERGLLVPVVTDAQDKNTRELASRVAELITGAREGTLTPAELRGSTFTVSNFGALGVDDGVPVINHPEAAILGLGAIKPRPVVVGGEVVARPTMTLTCVFDHRVVDGAQVAQFMCELRDLIESPETALLDL,Mycobacterium tuberculosis (strain ATCC 25618 / H37Rv),25363132,25605462
PLMD-193,O06178,117,Succinylation,MSDPLTAQEQHKRRQAVRELMPRTPFIGGLGIVFERYEPDDVVIRLPFRTDLTNDGTYFHGGVIASVMDTAGAAAAWSNHDFDRGTRAATVAMSIQYTGAAKRCDLLCHARTARRRKELTFTEITATDPDGNIVAHAVQTYRIV,Mycobacterium tuberculosis (strain ATCC 25618 / H37Rv),25363132,25605462
PLMD-194,O06179,281,Succinylation,MRTRVAELLGAEFPICAFSHCRDVVAAVSNAGGFGILGAVAHSPKRLESELTWIEEHTGGKPYGVDVLLPPKYIGAEQGGIDAQQARELIPEGHRTFVDDLLVRYGIPAVTDRQRSSSAGGLHISPKGYQPLLDVAFAHDIRLIASALGPPPPDLVERAHNHDVLVAALAGTAQHARRHAAAGVDLIVAQGTEAGGHTGEVATMVLVPEVVDAVSPTPVLAAGGIARGRQIAAALALGAEGVWCGSVWLTTEEAETPPVVKDKFLAATSSDTVRSRSLTGKPARMLRTAWTDEWDRPDSPDPLGMPLQSALVSDPQLRINQAAGQPGAKARELATYFVGQVVGSLDRVRSARSVVLDMVEEFIDTVGQLQGLVQR,Mycobacterium tuberculosis (strain ATCC 25618 / H37Rv),25363132,25605462
PLMD-194,O06179,45,Succinylation,MRTRVAELLGAEFPICAFSHCRDVVAAVSNAGGFGILGAVAHSPKRLESELTWIEEHTGGKPYGVDVLLPPKYIGAEQGGIDAQQARELIPEGHRTFVDDLLVRYGIPAVTDRQRSSSAGGLHISPKGYQPLLDVAFAHDIRLIASALGPPPPDLVERAHNHDVLVAALAGTAQHARRHAAAGVDLIVAQGTEAGGHTGEVATMVLVPEVVDAVSPTPVLAAGGIARGRQIAAALALGAEGVWCGSVWLTTEEAETPPVVKDKFLAATSSDTVRSRSLTGKPARMLRTAWTDEWDRPDSPDPLGMPLQSALVSDPQLRINQAAGQPGAKARELATYFVGQVVGSLDRVRSARSVVLDMVEEFIDTVGQLQGLVQR,Mycobacterium tuberculosis (strain ATCC 25618 / H37Rv),25363132,25605462
PLMD-196,O06216,36,Succinylation,MLVSLMQFVTDLTPPPQLVAVWAEERGFAGLYVPEKTHVPISRSTPWPGGELPDWYRRCYDPVVALAAAAAVTTRLRVGTGACLVAVHDPILLAKQIASLCAMSGERFVLGVGFGWNVEELADHGVPFADRIAVTVDKLAAMRALWAAEPVHYEGTHASVPPSWAWPKPAVAPPVLFGCRPSARAFEVIARHGDGWQPIEGYGELLGALPMLHAAFERAGRDPATAQVCVYSSAGDPATLHEYRRAGVAEVALALPSAGRDQVLAALDRSAPLVDAFAGDDREVKSHA,Mycobacterium tuberculosis (strain ATCC 25618 / H37Rv),25363132,25605462
PLMD-197,O06218,2,Succinylation,MKFVNHIEPVAPRRAGGAVAEVYAEARREFGRLPEPLAMLSPDEGLLTAGWATLRETLLVGQVPRGRKEAVAAAVAASLRCPWCVDAHTTMLYAAGQTDTAAAILAGTAPAAGDPNAPYVAWAAGTGTPAGPPAPFGPDVAAEYLGTAVQFHFIARLVLVLLDETFLPGGPRAQQLMRRAGGLVFARKVRAEHRPGRSTRRLEPRTLPDDLAWATPSEPIATAFAALSHHLDTAPHLPPPTRQVVRRVVGSWHGEPMPMSSRWTNEHTAELPADLHAPTRLALLTGLAPHQVTDDDVAAARSLLDTDAALVGALAWAAFTAARRIGTWIGAAAEGQVSRQNPTG,Mycobacterium tuberculosis (strain ATCC 25618 / H37Rv),25363132,25605462
PLMD-198,O06298,128,Succinylation,MPGARELTLRVERGALFRRRWAASAASSARAAIRRDPRRCALGTRPRWVSFLVIVLVIMNVVTAHPKYPNDPLALVLIELRHPRTEPPVPSAISILKEELARWTPILEQEEVRQVNLETGEHTAHSQKKLVARDRRTAITFRPDAMTLEVTDYPGWEEFRSIVHAMVTARQDVAPVDGCIRIGLRYINEIRASLAEPSGWAYWVAESLLGPGTQLADLKLTTTAQRHVIQCEGPEPGDSLTLRYAGARGAVIQSTPFLQRLKEPPAEGDFFLIDIDSAWSDPCKGIPALDAHLVDEVAERLHTPIGPLFESLITSELRTKVLQQPGQE,Mycobacterium tuberculosis (strain ATCC 25618 / H37Rv),25363132,25605462
PLMD-198,O06298,97,Succinylation,MPGARELTLRVERGALFRRRWAASAASSARAAIRRDPRRCALGTRPRWVSFLVIVLVIMNVVTAHPKYPNDPLALVLIELRHPRTEPPVPSAISILKEELARWTPILEQEEVRQVNLETGEHTAHSQKKLVARDRRTAITFRPDAMTLEVTDYPGWEEFRSIVHAMVTARQDVAPVDGCIRIGLRYINEIRASLAEPSGWAYWVAESLLGPGTQLADLKLTTTAQRHVIQCEGPEPGDSLTLRYAGARGAVIQSTPFLQRLKEPPAEGDFFLIDIDSAWSDPCKGIPALDAHLVDEVAERLHTPIGPLFESLITSELRTKVLQQPGQE,Mycobacterium tuberculosis (strain ATCC 25618 / H37Rv),25363132,25605462
PLMD-199,O06302,76,Succinylation,MAKNPKDGESRTFLISVAAELAGMHAQTLRTYDRLGLVSPRRTSGGGRRYSLHDVELLRQVQHLSQDEGVNLAGIKRIIELTSQVEALQSRLQEMAEELAVLRANQRREVAVVPKSTALVVWKPRR,Mycobacterium tuberculosis (strain ATCC 25618 / H37Rv),25605462,
PLMD-200,O06315,169,Succinylation,MNLANRAASAETAVTQRHLRRLWALPGTQLAVVAWPSTRRDRLFGSWHYWWQAHLLDCLVDAQLRDPQPQRRARINRQVRSHRVRNNFSWLNSYYDDMAWLALALERADRVAGVRRRRALPKLTNQFVEAWVPEDGGGIPWRKQDQFFNAPANGPAGLFLARYPDQYGKRLKRAEQMADWIDRTLIDPETHLVFDGIKAGSLVRAQYTYCQGVVLGLETELAVRTGPAARARHCARVHRLVAAVNEHMAPLGVLRGAGGGDGGLFAGITARYLALVATTLPGDSADDAAARDTARAIVLASAQSAWDYRQTVDGLPVFGAFWDREAELPTAGGEQARSVRGAVHSSAIAERDLSVQLSGWMLMEAAHSAAAVSSLG,Mycobacterium tuberculosis (strain ATCC 25618 / H37Rv),25363132,25605462
PLMD-201,O06321,343,Succinylation,MAQGLKLGLHIPLWAGYACSTLIIFPLVVYGMKVLSQLQLWTTPLWLILMAAPFGYLVVSHPDSIGQFFSYAGKDGHGGLSFGSVLLAAGVCLSLIAQIAEQIDYLRFMPPRTPENANRWWTWTLLAGPGWVAFGATKQIIGLFLAVYLMANIPGSSTIANQPVHQFMQIYRTFVPGWLALTLAVILVVLSQIKINVTNAYSGSLAWTNSFTRLTKHYPGRVVFLGVNLAIALILMEANMFDFLNTILGCYANCGMAWVVAVASDIGFNKYLLGLSPKTPEFRRGMLYAINPVGFGSLLLAAGLSIVTFFGGLGAALQPYSPLVAIVTALVMPPILAAATKGKYYLRRTHDGIDLPMYDEHGNPSAAVLTCHVCHQDFERPDMLACQTHGAHVCSLCLSTDKQAEHVLPGLARAHIPGDQVP,Mycobacterium tuberculosis (strain ATCC 25618 / H37Rv),25605462,
PLMD-202,O06348,200,Succinylation,MNSRAPRNLAVSSPSAQVTGRMVQNGENLFQFRREGPQVQLSFQDRTYLVTGGGSGIGKGVAAGLVAAGAAVMIVGRNPDKLAAAVKDIEALKTGAIGYEPADITDEEQTLRVVDAATAWHGRLHGVVHCAGGSQTIGPITQIDSQAWRRTVDLNVNGTMYVLKHAARELVRGGGGSFVGISSIAASNTHRWFGAYGVTKSAVDHMMKLAADELGPSWVRVNSIRPGLIRTDLVVPVTESPELSADYRVCTPLPRVGEVEDVANLAMFLLSDAASWITGQVINVDGGHMLRRGPDFSPMLEPVFGADGLRGVVG,Mycobacterium tuberculosis (strain ATCC 25618 / H37Rv),25363132,
PLMD-203,O06376,104,Succinylation,MASKMDTETHYSDVWVVIPAFNEAAVIGKVVTDVRSVFDHVVCVDDGSTDGTGDIARRSGAHLVRHPINLGQGAAIQTGIEYARKQPGAQVFATFDGDGQHRVKDVAAMVDRLGAGDVDVVIGTRFGRPVGKASASRPPLMKRIVLQTGARLSRRGRRLGLTDTNNGLRVFNKTVADGLNITMSGMSHATEFIMLIAENHWRVAEEPVEVLYTEYSKSKGQPLLNGVNIIFDGFLRGRMPR,Mycobacterium tuberculosis (strain ATCC 25618 / H37Rv),25363132,
PLMD-206,O06413,58,Succinylation,MSKRPLRWLTEQITLAGMRPPISPQLLINRPAMQPVDLTGKRILLTGASSGIGAAATKQFGLHRAVVVAVARRKDLLDAVADRITGDGGTAMSLPCDLSDMEAIDALVEDVEKRIGGIDILINNAGRSIRRPLAESLERWHDVERTMVLNYYAPLRLIRGLAPGMLERGDGHIINVATWGVLSEASPLFSVYNASKAALSAVSRIIETEWGSQGVHSTTLYYPLVATPMIAPTKAYDGLPALTAAEAAEWMVTAARTRPVRIAPRVAVAVNALDSIGPRWVNALMQRRNEQLNP,Mycobacterium tuberculosis (strain ATCC 25618 / H37Rv),25363132,
PLMD-207,O06417,552,Succinylation,MSTAGDDAVGVPPACGGRSDAVGVPQLARESGAMRDQDCSGELLRSPTHNGHLLVGALKRHQNKPVLFLGDTRLTGGQLADRISQYIQAFEALGAGTGVAVGLLSLNRPEVLMIIGAGQARGYRRTALHPLGSLADHAYVLNDAGISSLIIDPNPMFVERALALLEQVDSLQQILTIGPVPDALKHVAVDLSAEAAKYQPQPLVAADLPPDQVIGLTYTGGTTGKPKGVIGTAQSIATMTSIQLAEWEWPANPRFLMCTPLSHAGAAFFTPTVIKGGEMIVLAKFDPAEVLRIIEEQRITATMLVPSMLYALLDHPDSHTRDLSSLETVYYGASAINPVRLAEAIRRFGPIFAQYYGQSEAPMVITYLAKGDHDEKRLTSCGRPTLFARVALLDEHGKPVKQGEVGEICVSGPLLAGGYWNLPDETSRTFKDGWLHTGDLAREDSDGFYYIVDRVKDMIVTGGFNVFPREVEDVVAEHPAVAQVCVVGAPDEKWGEAVTAVVVLRSNAARDEPAIEAMTAEIQAAVKQRKGSVQAPKRVVVVDSLPLTGLGKPDKKAVRARFWEGAGRAVG,Mycobacterium tuberculosis (strain ATCC 25618 / H37Rv),25363132,25605462
PLMD-210,O06543,62,Succinylation,MAGPLSGLRVVELAGIGPGPHAAMILGDLGADVVRIDRPSSVDGISRDAMLRNRRIVTADLKSDQGLELALKLIAKADVLIEGYRPGVTERLGLGPEECAKVNDRLIYARMTGWGQTGPRSQQAGHDINYISLNGILHAIGRGDERPVPPLNLVGDFGGGSMFLLVGILAALWERQSSGKGQVVDAAMVDGSSVLIQMMWAMRATGMWTDTRGANMLDGGAPYYDTYECADGRYVAVGAIEPQFYAAMLAGLGLDAAELPPQNDRARWPELRALLTEAFASHDRDHWGAVFANSDACVTPVLAFGEVHNEPHIIERNTFYEANGGWQPMPAPRFSRTASSQPRPPAATIDIEAVLTDWDG,Mycobacterium tuberculosis (strain ATCC 25618 / H37Rv),25363132,25605462
PLMD-211,O06553,44,Succinylation,MARQVFDDKLLAVISGNSIGVLATIKHDGRPQLSNVQYHFDPRKLLIQVSIAEPRAKTRNLRRDPRASILVDADDGWSYAVAEGTAQLTPPAAAPDDDTVEALIALYRNIAGEHSDWDDYRQAMVTDRRVLLTLPISHVYGLPPGMR,Mycobacterium tuberculosis (strain ATCC 25618 / H37Rv),25605462,
PLMD-212,O06554,120,Succinylation,MPNLQLVQEPAADALLNANPFALLVGMLLDQQVPMETAFAGPKKIADRMGSFDAGDIADYDPDKFVALCSERPAIHRFPGSMAKRIQALAQIIVDRYDGDAAALWTAGEPDGNELLRRLKGLPGFGEQKARIFLALLGKQYGVTPKGWQVAAGEFGQPGTYLSVADIVDAGSLGQVRSHKRQRKAAAKAEGKAPT,Mycobacterium tuberculosis (strain ATCC 25618 / H37Rv),25363132,25605462
PLMD-214,O06574,107,Succinylation,MQLGMIGLGRMGANIVRRLAKGGHDCVVYDHDPDAVKAMAGEDRTTGVASLRELSQRLSAPRVVWVMVPAGNITTAVIEELANTLEAGDIVIDGGNTYYRDDLRHEKLLFKKGIHLLDCGTSGGVWGRERGYCLMIGGDGDAFARAEPIFATVAPGVAAAPRTPGRDGEVAPSEQGYLHCGPCGSGHFVKMVHNGIEYGMMASLAEGLNILRNADVGTRVQHGDAETAPLPNPECYQYDFDIPEVAEVWRRGSVIGSWLLDLTAIALRESPDLAEFSGRVSDSGEGRWTAIAAIDEGVPAPVLTTALQSRFASRDLDDFANKALSAMRKQFGGHAEKPAN,Mycobacterium tuberculosis (strain ATCC 25618 / H37Rv),25363132,25605462
PLMD-214,O06574,112,Succinylation,MQLGMIGLGRMGANIVRRLAKGGHDCVVYDHDPDAVKAMAGEDRTTGVASLRELSQRLSAPRVVWVMVPAGNITTAVIEELANTLEAGDIVIDGGNTYYRDDLRHEKLLFKKGIHLLDCGTSGGVWGRERGYCLMIGGDGDAFARAEPIFATVAPGVAAAPRTPGRDGEVAPSEQGYLHCGPCGSGHFVKMVHNGIEYGMMASLAEGLNILRNADVGTRVQHGDAETAPLPNPECYQYDFDIPEVAEVWRRGSVIGSWLLDLTAIALRESPDLAEFSGRVSDSGEGRWTAIAAIDEGVPAPVLTTALQSRFASRDLDDFANKALSAMRKQFGGHAEKPAN,Mycobacterium tuberculosis (strain ATCC 25618 / H37Rv),25605462,
PLMD-214,O06574,21,Succinylation,MQLGMIGLGRMGANIVRRLAKGGHDCVVYDHDPDAVKAMAGEDRTTGVASLRELSQRLSAPRVVWVMVPAGNITTAVIEELANTLEAGDIVIDGGNTYYRDDLRHEKLLFKKGIHLLDCGTSGGVWGRERGYCLMIGGDGDAFARAEPIFATVAPGVAAAPRTPGRDGEVAPSEQGYLHCGPCGSGHFVKMVHNGIEYGMMASLAEGLNILRNADVGTRVQHGDAETAPLPNPECYQYDFDIPEVAEVWRRGSVIGSWLLDLTAIALRESPDLAEFSGRVSDSGEGRWTAIAAIDEGVPAPVLTTALQSRFASRDLDDFANKALSAMRKQFGGHAEKPAN,Mycobacterium tuberculosis (strain ATCC 25618 / H37Rv),25363132,25605462
