"Id","Class","Sequence","ACC_ID"
31,"nonsuc","EEEPQAPQESTPAPPKKDIKGSYVSIHSSGF","PLMD-6"
32,"nonsuc","EEPQAPQESTPAPPKKDIKGSYVSIHSSGFR","PLMD-6"
35,"nonsuc","QAPQESTPAPPKKDIKGSYVSIHSSGFRDFL","PLMD-6"
52,"suc","SYVSIHSSGFRDFLLKPELLRAIVDCGFEHP","PLMD-6"
89,"nonsuc","CIPQAILGMDVLCQAKSGMGKTAVFVLATLQ","PLMD-6"
94,"nonsuc","ILGMDVLCQAKSGMGKTAVFVLATLQQIEPV","PLMD-6"
130,"nonsuc","VLVMCHTRELAFQISKEYERFSKYMPSVKVS","PLMD-6"
137,"nonsuc","RELAFQISKEYERFSKYMPSVKVSVFFGGLS","PLMD-6"
143,"nonsuc","ISKEYERFSKYMPSVKVSVFFGGLSIKKDEE","PLMD-6"
154,"nonsuc","MPSVKVSVFFGGLSIKKDEEVLKKNCPHVVV","PLMD-6"
155,"nonsuc","PSVKVSVFFGGLSIKKDEEVLKKNCPHVVVG","PLMD-6"
161,"nonsuc","VFFGGLSIKKDEEVLKKNCPHVVVGTPGRIL","PLMD-6"
162,"nonsuc","FFGGLSIKKDEEVLKKNCPHVVVGTPGRILA","PLMD-6"
187,"suc","PGRILALVRNRSFSLKNVKHFVLDECDKMLE","PLMD-6"
190,"nonsuc","ILALVRNRSFSLKNVKHFVLDECDKMLEQLD","PLMD-6"
199,"nonsuc","FSLKNVKHFVLDECDKMLEQLDMRRDVQEIF","PLMD-6"
221,"nonsuc","MRRDVQEIFRLTPHEKQCMMFSATLSKDIRP","PLMD-6"
232,"nonsuc","TPHEKQCMMFSATLSKDIRPVCRKFMQDPME","PLMD-6"
240,"nonsuc","MFSATLSKDIRPVCRKFMQDPMEVFVDDETK","PLMD-6"
255,"nonsuc","KFMQDPMEVFVDDETKLTLHGLQQYYVKLKD","PLMD-6"
267,"nonsuc","DETKLTLHGLQQYYVKLKDSEKNRKLFDLLD","PLMD-6"
269,"nonsuc","TKLTLHGLQQYYVKLKDSEKNRKLFDLLDVL","PLMD-6"
273,"nonsuc","LHGLQQYYVKLKDSEKNRKLFDLLDVLEFNQ","PLMD-6"
276,"nonsuc","LQQYYVKLKDSEKNRKLFDLLDVLEFNQVII","PLMD-6"
294,"nonsuc","DLLDVLEFNQVIIFVKSVQRCMALAQLLVEQ","PLMD-6"
333,"suc","RGMAQEERLSRYQQFKDFQRRILVATNLFGR","PLMD-6"
383,"nonsuc","DTYLHRVARAGRFGTKGLAITFVSDENDAKI","PLMD-6"
397,"nonsuc","TKGLAITFVSDENDAKILNDVQDRFEVNVAE","PLMD-6"
15,"nonsuc","EPLRQDVTASYDVEMKMEVDYSATVDQRLPE","PLMD-31"
33,"nonsuc","VDYSATVDQRLPECAKLAKEGRLQEVIETLL","PLMD-31"
36,"nonsuc","SATVDQRLPECAKLAKEGRLQEVIETLLSLE","PLMD-31"
52,"nonsuc","EGRLQEVIETLLSLEKQTRTASDMVSTSRIL","PLMD-31"
72,"nonsuc","ASDMVSTSRILVAVVKMCYEAKEWDLLNENI","PLMD-31"
78,"nonsuc","TSRILVAVVKMCYEAKEWDLLNENIMLLSKR","PLMD-31"
92,"nonsuc","AKEWDLLNENIMLLSKRRSQLKQAVAKMVQQ","PLMD-31"
98,"suc","LNENIMLLSKRRSQLKQAVAKMVQQCCTYVE","PLMD-31"
103,"nonsuc","MLLSKRRSQLKQAVAKMVQQCCTYVEEITDL","PLMD-31"
121,"nonsuc","QQCCTYVEEITDLPIKLRLIDTLRMVTEGKI","PLMD-31"
135,"nonsuc","IKLRLIDTLRMVTEGKIYVEIERARLTKTLA","PLMD-31"
147,"nonsuc","TEGKIYVEIERARLTKTLATIKEQNGDVKEA","PLMD-31"
153,"nonsuc","VEIERARLTKTLATIKEQNGDVKEAASILQE","PLMD-31"
160,"nonsuc","LTKTLATIKEQNGDVKEAASILQELQVETYG","PLMD-31"
179,"nonsuc","SILQELQVETYGSMEKKERVEFILEQMRLCL","PLMD-31"
180,"nonsuc","ILQELQVETYGSMEKKERVEFILEQMRLCLA","PLMD-31"
197,"nonsuc","RVEFILEQMRLCLAVKDYIRTQIISKKINTK","PLMD-31"
207,"nonsuc","LCLAVKDYIRTQIISKKINTKFFQEENTEKL","PLMD-31"
208,"nonsuc","CLAVKDYIRTQIISKKINTKFFQEENTEKLK","PLMD-31"
212,"nonsuc","KDYIRTQIISKKINTKFFQEENTEKLKLKYY","PLMD-31"
221,"nonsuc","SKKINTKFFQEENTEKLKLKYYNLMIQLDQH","PLMD-31"
223,"nonsuc","KINTKFFQEENTEKLKLKYYNLMIQLDQHEG","PLMD-31"
225,"nonsuc","NTKFFQEENTEKLKLKYYNLMIQLDQHEGSY","PLMD-31"
245,"nonsuc","MIQLDQHEGSYLSICKHYRAIYDTPCIQAES","PLMD-31"
262,"nonsuc","YRAIYDTPCIQAESEKWQQALKSVVLYVILA","PLMD-31"
268,"nonsuc","TPCIQAESEKWQQALKSVVLYVILAPFDNEQ","PLMD-31"
294,"nonsuc","FDNEQSDLVHRISGDKKLEEIPKYKDLLKLF","PLMD-31"
295,"nonsuc","DNEQSDLVHRISGDKKLEEIPKYKDLLKLFT","PLMD-31"
301,"nonsuc","LVHRISGDKKLEEIPKYKDLLKLFTTMELMR","PLMD-31"
303,"nonsuc","HRISGDKKLEEIPKYKDLLKLFTTMELMRWS","PLMD-31"
307,"nonsuc","GDKKLEEIPKYKDLLKLFTTMELMRWSTLVE","PLMD-31"
330,"nonsuc","MRWSTLVEDYGMELRKGSLESPATDVFGSTE","PLMD-31"
349,"nonsuc","ESPATDVFGSTEEGEKRWKDLKNRVVEHNIR","PLMD-31"
352,"nonsuc","ATDVFGSTEEGEKRWKDLKNRVVEHNIRIMA","PLMD-31"
355,"nonsuc","VFGSTEEGEKRWKDLKNRVVEHNIRIMAKYY","PLMD-31"
368,"nonsuc","DLKNRVVEHNIRIMAKYYTRITMKRMAQLLD","PLMD-31"
376,"nonsuc","HNIRIMAKYYTRITMKRMAQLLDLSVDESEA","PLMD-31"
400,"nonsuc","SVDESEAFLSNLVVNKTIFAKVDRLAGIINF","PLMD-31"
405,"suc","EAFLSNLVVNKTIFAKVDRLAGIINFQRPKD","PLMD-31"
419,"nonsuc","AKVDRLAGIINFQRPKDPNNLLNDWSQKLNS","PLMD-31"
431,"nonsuc","QRPKDPNNLLNDWSQKLNSLMSLVNKTTHLI","PLMD-31"
441,"nonsuc","NDWSQKLNSLMSLVNKTTHLIAKEEMIHNLQ","PLMD-31"
448,"nonsuc","NSLMSLVNKTTHLIAKAILHTTKNVLSMLSN","PLMD-31"
30,"nonsuc","RYLVGFPGRRSVGLVKGALGWSVSRGANWRW","PLMD-56"
58,"nonsuc","WRWFHSTQWLRGDPIKILMPSLSPTMEEGNI","PLMD-56"
75,"nonsuc","LMPSLSPTMEEGNIVKWLKKEGEAVSAGDAL","PLMD-56"
78,"nonsuc","SLSPTMEEGNIVKWLKKEGEAVSAGDALCEI","PLMD-56"
79,"nonsuc","LSPTMEEGNIVKWLKKEGEAVSAGDALCEIE","PLMD-56"
97,"nonsuc","EAVSAGDALCEIETDKAVVTLDASDDGILAK","PLMD-56"
112,"nonsuc","KAVVTLDASDDGILAKIVVEEGSKNIRLGSL","PLMD-56"
120,"nonsuc","SDDGILAKIVVEEGSKNIRLGSLIGLIVEEG","PLMD-56"
139,"nonsuc","LGSLIGLIVEEGEDWKHVEIPKDVGPPPPVS","PLMD-56"
145,"nonsuc","LIVEEGEDWKHVEIPKDVGPPPPVSKPSEPR","PLMD-56"
155,"nonsuc","HVEIPKDVGPPPPVSKPSEPRPSPEPQISIP","PLMD-56"
172,"nonsuc","SEPRPSPEPQISIPVKKEHIPGTLRFRLSPA","PLMD-56"
173,"nonsuc","EPRPSPEPQISIPVKKEHIPGTLRFRLSPAA","PLMD-56"
194,"nonsuc","TLRFRLSPAARNILEKHSLDASQGTATGPRG","PLMD-56"
213,"nonsuc","DASQGTATGPRGIFTKEDALKLVQLKQTGKI","PLMD-56"
218,"nonsuc","TATGPRGIFTKEDALKLVQLKQTGKITESRP","PLMD-56"
223,"nonsuc","RGIFTKEDALKLVQLKQTGKITESRPTPAPT","PLMD-56"
227,"nonsuc","TKEDALKLVQLKQTGKITESRPTPAPTATPT","PLMD-56"
289,"nonsuc","TFTEIPASNIRRVIAKRLTESKSTVPHAYAT","PLMD-56"
295,"nonsuc","ASNIRRVIAKRLTESKSTVPHAYATADCDLG","PLMD-56"
314,"nonsuc","PHAYATADCDLGAVLKVRQDLVKDDIKVSVN","PLMD-56"
321,"nonsuc","DCDLGAVLKVRQDLVKDDIKVSVNDFIIKAA","PLMD-56"
325,"nonsuc","GAVLKVRQDLVKDDIKVSVNDFIIKAAAVTL","PLMD-56"
334,"nonsuc","LVKDDIKVSVNDFIIKAAAVTLKQMPDVNVS","PLMD-56"
341,"nonsuc","VSVNDFIIKAAAVTLKQMPDVNVSWDGEGPK","PLMD-56"
356,"nonsuc","KQMPDVNVSWDGEGPKQLPFIDISVAVATDK","PLMD-56"
371,"nonsuc","KQLPFIDISVAVATDKGLLTPIIKDAAAKGI","PLMD-56"
379,"suc","SVAVATDKGLLTPIIKDAAAKGIQEIADSVK","PLMD-56"
384,"nonsuc","TDKGLLTPIIKDAAAKGIQEIADSVKALSKK","PLMD-56"
394,"suc","KDAAAKGIQEIADSVKALSKKARDGKLLPEE","PLMD-56"
398,"nonsuc","AKGIQEIADSVKALSKKARDGKLLPEEYQGG","PLMD-56"
399,"nonsuc","KGIQEIADSVKALSKKARDGKLLPEEYQGGS","PLMD-56"
404,"nonsuc","IADSVKALSKKARDGKLLPEEYQGGSFSISN","PLMD-56"
450,"nonsuc","PQACILAVGRFRPVLKLTEDEEGNAKLQQRQ","PLMD-56"
460,"nonsuc","FRPVLKLTEDEEGNAKLQQRQLITVTMSSDS","PLMD-56"
488,"nonsuc","SDSRVVDDELATRFLKLFRTALEDDVVRSDS","PLMD-56"
491,"nonsuc","RVVDDELATRFLKSFKFSKLFRTALEDDVVR","PLMD-56"
27,"nonsuc","YLLLGNLLSPDNVVRKQAEETYENIPGQSKI","PLMD-63"
41,"nonsuc","RKQAEETYENIPGQSKITFLLQAIRNTTAAE","PLMD-63"
90,"nonsuc","DEVYPALPSDVQTAIKSELLMIIQMETQSSM","PLMD-63"
107,"nonsuc","ELLMIIQMETQSSMRKKVCDIAAELARNLID","PLMD-63"
108,"nonsuc","LLMIIQMETQSSMRKKVCDIAAELARNLIDE","PLMD-63"
134,"nonsuc","NLIDEDGNNQWPEGLKFLFDSVSSQNVGLRE","PLMD-63"
174,"nonsuc","PGIFGNQQQHYLDVIKRMLVQCMQDQEHPSI","PLMD-63"
212,"nonsuc","TAAFILANEHNVALFKHFADLLPGFLQAVND","PLMD-63"
238,"nonsuc","QAVNDSCYQNDDSVLKSLVEIADTVPKYLRP","PLMD-63"
249,"nonsuc","DSVLKSLVEIADTVPKYLRPHLEATLQLSLK","PLMD-63"
264,"nonsuc","KYLRPHLEATLQLSLKLCGDTSLNNMQRQLA","PLMD-63"
296,"nonsuc","EVIVTLSETAAAMLRKHTNIVAQTIPQMLAM","PLMD-63"
353,"nonsuc","AGESALDRMACGLGGKLVLPMIKEHIMQMLQ","PLMD-63"
360,"nonsuc","RMACGLGGKLVLPMIKEHIMQMLQNPDWKYR","PLMD-63"
373,"nonsuc","MIKEHIMQMLQNPDWKYRHAGLMALSAIGEG","PLMD-63"
436,"nonsuc","NAVGQMATDFAPGFQKKFHEKVIAALLQTME","PLMD-63"
437,"nonsuc","AVGQMATDFAPGFQKKFHEKVIAALLQTMED","PLMD-63"
441,"nonsuc","MATDFAPGFQKKFHEKVIAALLQTMEDQGNQ","PLMD-63"
475,"nonsuc","AHAAAALINFTEDCPKSLLIPYLDNLVKHLH","PLMD-63"
487,"nonsuc","DCPKSLLIPYLDNLVKHLHSIMVLKLQELIQ","PLMD-63"
496,"nonsuc","YLDNLVKHLHSIMVLKLQELIQKGTKLVLEQ","PLMD-63"
503,"nonsuc","HLHSIMVLKLQELIQKGTKLVLEQVVTSIAS","PLMD-63"
506,"nonsuc","SIMVLKLQELIQKGTKLVLEQVVTSIASVAD","PLMD-63"
526,"nonsuc","QVVTSIASVADTAEEKFVPYYDLFMPSLKHI","PLMD-63"
539,"nonsuc","EEKFVPYYDLFMPSLKHIVENAVQKELRLLR","PLMD-63"
548,"nonsuc","LFMPSLKHIVENAVQKELRLLRGKTIECISL","PLMD-63"
556,"nonsuc","IVENAVQKELRLLRGKTIECISLIGLAVGKE","PLMD-63"
570,"nonsuc","GKTIECISLIGLAVGKEKFMQDASDVMQLLL","PLMD-63"
572,"nonsuc","TIECISLIGLAVGKEKFMQDASDVMQLLLKT","PLMD-63"
586,"nonsuc","EKFMQDASDVMQLLLKTQTDFNDMEDDDPQI","PLMD-63"
613,"nonsuc","DPQISYMISAWARMCKILGKEFQQYLPVVMG","PLMD-63"
617,"nonsuc","SYMISAWARMCKILGKEFQQYLPVVMGPLMK","PLMD-63"
632,"nonsuc","KEFQQYLPVVMGPLMKTASIKPEVALLDTQD","PLMD-63"
637,"nonsuc","YLPVVMGPLMKTASIKPEVALLDTQDMENMS","PLMD-63"
671,"nonsuc","GWEFVNLGDQQSFGIKTAGLEEKSTACQMLV","PLMD-63"
678,"nonsuc","GDQQSFGIKTAGLEEKSTACQMLVCYAKELK","PLMD-63"
690,"nonsuc","LEEKSTACQMLVCYAKELKEGFVEYTEQVVK","PLMD-63"
693,"nonsuc","KSTACQMLVCYAKELKEGFVEYTEQVVKLMV","PLMD-63"
705,"nonsuc","KELKEGFVEYTEQVVKLMVPLLKFYFHDGVR","PLMD-63"
712,"nonsuc","VEYTEQVVKLMVPLLKFYFHDGVRVAAAESM","PLMD-63"
755,"nonsuc","EYLTQMWHFMCDALIKAIGTEPDSDVLSEIM","PLMD-63"
775,"nonsuc","EPDSDVLSEIMHSFAKCIEVMGDGCLNNEHF","PLMD-63"
798,"nonsuc","GCLNNEHFEELGGILKAKLEEHFKNQELRQV","PLMD-63"
800,"nonsuc","LNNEHFEELGGILKAKLEEHFKNQELRQVKR","PLMD-63"
806,"nonsuc","EELGGILKAKLEEHFKNQELRQVKRQDEDYD","PLMD-63"
814,"nonsuc","AKLEEHFKNQELRQVKRQDEDYDEQVEESLQ","PLMD-63"
841,"nonsuc","ESLQDEDDNDVYILTKVSDILHSIFSSYKEK","PLMD-63"
854,"suc","LTKVSDILHSIFSSYKEKVLPWFEQLLPLIV","PLMD-63"
856,"nonsuc","KVSDILHSIFSSYKEKVLPWFEQLLPLIVNL","PLMD-63"
901,"nonsuc","CIFDDVIEHCSPASFKYAEYFLRPMLQYVCD","PLMD-63"
961,"nonsuc","EALPLLVRVIQSADSKTKENVNATENCISAV","PLMD-63"
963,"nonsuc","LPLLVRVIQSADSKTKENVNATENCISAVGK","PLMD-63"
978,"nonsuc","KENVNATENCISAVGKIMKFKPDCVNVEEVL","PLMD-63"
981,"nonsuc","VNATENCISAVGKIMKFKPDCVNVEEVLPHW","PLMD-63"
983,"nonsuc","ATENCISAVGKIMKFKPDCVNVEEVLPHWLS","PLMD-63"
1006,"nonsuc","EVLPHWLSWLPLHEDKEEAVQTFNYLCDLIE","PLMD-63"
1037,"nonsuc","SNHPIVLGPNNTNLPKIFSIIAEGEMHEAIK","PLMD-63"
1052,"nonsuc","KIFSIIAEGEMHEAIKHEDPCAKRLANVVRQ","PLMD-63"
1059,"nonsuc","EGEMHEAIKHEDPCAKRLANVVRQVQTSGGL","PLMD-63"
3,"nonsuc","KVKAKDGKADGKAKRKRKAKGDAKGDKAKVK","PLMD-84"
5,"nonsuc","EDKVKAKDGKADGKAKAKGDAKGDKAKVKDE","PLMD-84"
7,"nonsuc","QPEDKVKAKDGKADGKGDAKGDKAKVKDEPQ","PLMD-84"
11,"nonsuc","ASRRQPEDKVKAKDGKGDKAKVKDEPQRRSA","PLMD-84"
14,"nonsuc","SLRASRRQPEDKVKAKAKVKDEPQRRSARLS","PLMD-84"
16,"nonsuc","MPKRKAKGDAKGDKAKVKDEPQRRSARLSAK","PLMD-84"
18,"suc","KRKAKGDAKGDKAKVKDEPQRRSARLSAKPA","PLMD-84"
31,"suc","KVKDEPQRRSARLSAKPAPPKPEPRPKKASA","PLMD-84"
36,"nonsuc","PQRRSARLSAKPAPPKPEPRPKKASAKKGEK","PLMD-84"
42,"nonsuc","RLSAKPAPPKPEPRPKKASAKKGEKLPKGRK","PLMD-84"
43,"nonsuc","LSAKPAPPKPEPRPKKASAKKGEKLPKGRKG","PLMD-84"
47,"nonsuc","PAPPKPEPRPKKASAKKGEKLPKGRKGKADA","PLMD-84"
48,"nonsuc","APPKPEPRPKKASAKKGEKLPKGRKGKADAG","PLMD-84"
51,"nonsuc","KPEPRPKKASAKKGEKLPKGRKGKADAGKDG","PLMD-84"
54,"nonsuc","PRPKKASAKKGEKLPKGRKGKADAGKDGNNP","PLMD-84"
57,"nonsuc","KKASAKKGEKLPKGRKGKADAGKDGNNPAKN","PLMD-84"
59,"nonsuc","ASAKKGEKLPKGRKGKADAGKDGNNPAKNRD","PLMD-84"
64,"nonsuc","GEKLPKGRKGKADAGKDGNNPAKNRDASTLQ","PLMD-84"
71,"nonsuc","RKGKADAGKDGNNPAKNRDASTLQSQKAEGT","PLMD-84"
82,"nonsuc","NNPAKNRDASTLQSQKQSQLTSADRNKAPNN","PLMD-84"
90,"nonsuc","ASTLQSQKAEGTGDAKADGTGEAKQSQLTSA","PLMD-84"
10,"suc","GTGIFVFLPILSPHKKKHPSLIPLFVFIGTG","PLMD-87"
11,"nonsuc","AGTGIFVFLPILSPHKHPSLIPLFVFIGTGA","PLMD-87"
55,"nonsuc","NPDVCWDRNNPEPWNKLGPNDQYKFYSVNVD","PLMD-87"
63,"nonsuc","NNPEPWNKLGPNDQYKFYSVNVDYSKLKKER","PLMD-87"
73,"nonsuc","PNDQYKFYSVNVDYSKSYDVNVSYFKYQDNP","PLMD-87"
75,"nonsuc","DQYKFYSVNVDYSKLKLKSYDVNVSYFKYQD","PLMD-87"
76,"nonsuc","QYKFYSVNVDYSKLKKKLKSYDVNVSYFKYQ","PLMD-87"
9,"nonsuc","FGIRRDEGVAINGELKLEGNIAVGEDRRIGF","PLMD-166"
100,"nonsuc","FADDLRTIADTLGIDKMAVVGLSGGGPYTLA","PLMD-166"
204,"nonsuc","LSPRADRHLLARPEFKAMFLDDLLNGSRKQL","PLMD-166"
217,"nonsuc","EFKAMFLDDLLNGSRKQLAAPFADVIAFARD","PLMD-166"
241,"nonsuc","VIAFARDWGFRLDEVKVPVRWWHGDHDHIVP","PLMD-166"
271,"suc","PFSHGEHVVSRLPDAKLLHLPGESHLAGLGR","PLMD-166"
304,"nonsuc","EILSTLMQIWDRDLRKRLDRDWIQMLTSLIE","PLMD-166"
145,"nonsuc","AIAMVVYTSGTTGPPKGVQLSRRAIAADLDA","PLMD-167"
204,"nonsuc","LLGSLRFGNRFVHTGKPTPAGYAQACYEAHG","PLMD-167"
243,"suc","VWSRVAADQAAAGALKPARLLVSGSAALPVP","PLMD-167"
262,"nonsuc","LLVSGSAALPVPVFDKLVQLTGHRPVERYGA","PLMD-167"
325,"nonsuc","DDDGGEVPHDGETVGKLQVRGPTLFDGYLNQ","PLMD-167"
380,"nonsuc","SGMHRIVGRESVDLIKSGGYRVGAGEIETVL","PLMD-167"
445,"nonsuc","ADGLINFVAQQLSVHKRPREVRIVDALPRNA","PLMD-167"
463,"nonsuc","REVRIVDALPRNALGKGLANRPLADVIRVER","PLMD-167"
466,"nonsuc","RIVDALPRNALGKVLKLVKGLANRPLADVIR","PLMD-167"
467,"nonsuc","IVDALPRNALGKVLKKKLVKGLANRPLADVI","PLMD-167"
7,"nonsuc","GTVMGTTATRANHFMKMFHNARTATTGMVTG","PLMD-176"
110,"nonsuc","VWAEDTMTVIGMIEAKAVIVSEPFLVAIPIL","PLMD-176"
128,"nonsuc","IVSEPFLVAIPILEQKGMQVLTVADLLASDP","PLMD-176"
168,"nonsuc","DLALMQLTSGSTGSPKAVQITHRNIYSNAEA","PLMD-176"
194,"nonsuc","SNAEAMFVGAQYDVDKDVMVSWLPCFHDMGM","PLMD-176"
225,"nonsuc","VGFLTIPMFFGAELVKVTPMDFLRDTLLWAK","PLMD-176"
240,"nonsuc","KVTPMDFLRDTLLWAKLIDKYQGTMTAAPNF","PLMD-176"
244,"nonsuc","MDFLRDTLLWAKLIDKYQGTMTAAPNFAYAL","PLMD-176"
262,"suc","GTMTAAPNFAYALLAKRLRRQAKPGDFDLST","PLMD-176"
269,"nonsuc","NFAYALLAKRLRRQAKPGDFDLSTLRFALSG","PLMD-176"
301,"nonsuc","EPVEPADVEDLLDAGKPFGLRPSAILPAYGM","PLMD-176"
353,"nonsuc","DADLLAALRRAVPATKGNTRRLATLGPLLQD","PLMD-176"
437,"nonsuc","GYLTEEGHVVVCGRVKDVIIMAGRNIYPTDI","PLMD-176"
528,"nonsuc","VRPRNVVVLGPGTIPKTPSGKLRRANSVTLV","PLMD-176"
533,"nonsuc","VVVLGPGTIPKTPSGKGSPTKPITGPGLVVV","PLMD-176"
14,"suc","DREIEASRARAWRAIKIARWARARSAEIERD","PLMD-177"
165,"nonsuc","CFVDDRQVPSVVALNKDELQVLDTWHTLGLR","PLMD-177"
247,"nonsuc","NARAAIDDLVELAGGKKGLGSTRTLAERSAT","PLMD-177"
248,"nonsuc","ARAAIDDLVELAGGKKGLGSTRTLAERSATQ","PLMD-177"
13,"nonsuc","DLSHWVAFLGALVDSKSDVLAGLFAVWHSLD","PLMD-178"
51,"nonsuc","ETDWQATSPLPGWDVKAVVSHIIGTESFLLG","PLMD-178"
118,"nonsuc","VGLLERFRAVTSQRRKVLASLSDDEWNAPTT","PLMD-178"
194,"nonsuc","LVLDEIAATMGFVVGKLAKAPDGSRVLLELT","PLMD-178"
197,"suc","DEIAATMGFVVGKLAKAPDGSRVLLELTGPL","PLMD-178"
269,"suc","PMSPARSQDVELGGDKDGGLEVDQSRAPSMP","PLMD-178"
6,"suc","IALGIGRSAGSIFMTKTMFISGASRGIGLAI","PLMD-180"
23,"nonsuc","MFISGASRGIGLAIAKRAARDGANIALIAKT","PLMD-180"
37,"suc","AKRAARDGANIALIAKTAEPHPKLPGTVFTA","PLMD-180"
44,"suc","GANIALIAKTAEPHPKLPGTVFTAAKELEEA","PLMD-180"
54,"nonsuc","AEPHPKLPGTVFTAAKELEEAGGQALPIVGD","PLMD-180"
111,"nonsuc","NASAINLGSITEVPMKRFDLMNGIQVRGTYA","PLMD-180"
136,"suc","VRGTYAVSQACIPHMKGRENPHILTLSPPIL","PLMD-180"
154,"suc","ENPHILTLSPPILLEKKWLRPTAYMMAKYGM","PLMD-180"
155,"nonsuc","NPHILTLSPPILLEKKWLRPTAYMMAKYGMT","PLMD-180"
166,"nonsuc","LLEKKWLRPTAYMMAKYGMTLCALGIAEEMR","PLMD-180"
216,"suc","VQNLLGGDEAMARSRKPEVYADAAYVIVNKP","PLMD-180"
230,"suc","RKPEVYADAAYVIVNKPATEYTGKTLLCEDV","PLMD-180"
238,"nonsuc","AAYVIVNKPATEYTGKTLLCEDVLVESGVTD","PLMD-180"
90,"nonsuc","NALERRGVDVVSAMSKYTSALENYHRLTTPS","PLMD-182"
113,"nonsuc","YHRLTTPSTWLEALVKTYVADALAADLYLEI","PLMD-182"
166,"suc","QFVVAEVRAAVTASGKQRSRLALWSRRLLGE","PLMD-182"
86,"nonsuc","SASRARFGDVLPFLVKVLAADEPLSLQAHPS","PLMD-187"
132,"nonsuc","IPVSSPVRNYRDTSHKPELLVALQPFEALAG","PLMD-187"
224,"nonsuc","IQYVSSGATEFGAEAKTVLELGERYPGDAGV","PLMD-187"
289,"suc","VMANSDNVLRGGLTPKHVDVPELLRVLDFAP","PLMD-187"
307,"suc","DVPELLRVLDFAPTPKARLRPPIRREGLGLV","PLMD-187"
370,"nonsuc","PQILLCTEGSATVHGKCGSLTLQRGTAAWVA","PLMD-187"
400,"suc","AADDGPIRLTAGQPAKAPQGATLRIPGDDAA","PLMD-187"
21,"nonsuc","PEPVYILGAGMHPWGKWGNDFTEYGVVAARA","PLMD-191"
73,"nonsuc","RNGYPGFVAGATFAQKLGWTGVPVSSSYAAC","PLMD-191"
120,"nonsuc","GFCDVALVIGADTTPKGFFAPVGGERKGDPD","PLMD-191"
131,"nonsuc","DTTPKGFFAPVGGERKGDPDWQRFHLIGATN","PLMD-191"
172,"nonsuc","RMDLYGATVEDFAQVKVKNSRHGLDNPNARY","PLMD-191"
174,"nonsuc","DLYGATVEDFAQVKVKNSRHGLDNPNARYRK","PLMD-191"
189,"nonsuc","KNSRHGLDNPNARYRKENSIDDVLASPVVSD","PLMD-191"
226,"nonsuc","ICATSDGAAALIVASKSFTEKHLGSVAGVPS","PLMD-191"
231,"suc","DGAAALIVASKSFTEKHLGSVAGVPSVRAIS","PLMD-191"
251,"nonsuc","VAGVPSVRAISTVTPKYPQHLPELPDIATDS","PLMD-191"
278,"nonsuc","ATDSTAAVPAPERVFKDQILDAAYAEAGIGP","PLMD-191"
321,"nonsuc","TALELDWYEHLGLCPKGEAEALLRSGATTLG","PLMD-191"
382,"nonsuc","WQLRGQATGRQVADAKVGVTANQGLFGHGSS","PLMD-191"
48,"nonsuc","DDVEINQTLCSVETAKAEVEIPSPYAGRIVE","PLMD-192"
73,"nonsuc","AGRIVELGGAEGDVLKVGAELVRIDTGPTAV","PLMD-192"
126,"nonsuc","TSRRTSRPLAAPVVRKLAKELAVDLAALQRG","PLMD-192"
129,"nonsuc","RTSRPLAAPVVRKLAKELAVDLAALQRGSGA","PLMD-192"
180,"nonsuc","PDVRPVHGVHARMAEKMTLSHKEIPTAKASV","PLMD-192"
186,"nonsuc","HGVHARMAEKMTLSHKEIPTAKASVEVICAE","PLMD-192"
192,"nonsuc","MAEKMTLSHKEIPTAKASVEVICAELLRLRD","PLMD-192"
231,"nonsuc","ITPFALTLRLLVIALKHNVILNSTWVDSGEG","PLMD-192"
278,"suc","TERGLLVPVVTDAQDKNTRELASRVAELITG","PLMD-192"
340,"nonsuc","VINHPEAAILGLGAIKPRPVVVGGEVVARPT","PLMD-192"
12,"nonsuc","IFPTRPMLERVAQRRKRRQAVRELMPRTPFI","PLMD-193"
102,"nonsuc","RAATVAMSIQYTGAAKRCDLLCHARTARRRK","PLMD-193"
117,"suc","KRCDLLCHARTARRRKELTFTEITATDPDGN","PLMD-193"
45,"suc","NAGGFGILGAVAHSPKRLESELTWIEEHTGG","PLMD-194"
61,"nonsuc","RLESELTWIEEHTGGKPYGVDVLLPPKYIGA","PLMD-194"
72,"nonsuc","HTGGKPYGVDVLLPPKYIGAEQGGIDAQQAR","PLMD-194"
127,"nonsuc","DRQRSSSAGGLHISPKGYQPLLDVAFAHDIR","PLMD-194"
261,"nonsuc","SVWLTTEEAETPPVVKDKFLAATSSDTVRSR","PLMD-194"
263,"nonsuc","WLTTEEAETPPVVKDKFLAATSSDTVRSRSL","PLMD-194"
281,"suc","AATSSDTVRSRSLTGKPARMLRTAWTDEWDR","PLMD-194"
329,"nonsuc","DPQLRINQAAGQPGAKARELATYFVGQVVGS","PLMD-194"
36,"suc","VWAEERGFAGLYVPEKTHVPISRSTPWPGGE","PLMD-196"
95,"nonsuc","TGACLVAVHDPILLAKQIASLCAMSGERFVL","PLMD-196"
138,"nonsuc","DHGVPFADRIAVTVDKLAAMRALWAAEPVHY","PLMD-196"
168,"nonsuc","YEGTHASVPPSWAWPKPAVAPPVLFGCRPSA","PLMD-196"
285,"nonsuc","SAPLVDAFAGDDREVKVERDDGAFADVLPAS","PLMD-196"
2,"suc","GGARRPAVPEIHNVFKFVNHIEPVAPRRAGG","PLMD-197"
68,"nonsuc","TLRETLLVGQVPRGRKEAVAAAVAASLRCPW","PLMD-197"
188,"nonsuc","AQQLMRRAGGLVFARKVRAEHRPGRSTRRLE","PLMD-197"
67,"nonsuc","LVIVLVIMNVVTAHPKYPNDPLALVLIELRH","PLMD-198"
97,"suc","HPRTEPPVPSAISILKEELARWTPILEQEEV","PLMD-198"
128,"suc","RQVNLETGEHTAHSQKKLVARDRRTAITFRP","PLMD-198"
129,"nonsuc","QVNLETGEHTAHSQKKLVARDRRTAITFRPD","PLMD-198"
219,"nonsuc","VAESLLGPGTQLADLKLTTTAQRHVIQCEGP","PLMD-198"
262,"nonsuc","ARGAVIQSTPFLQRLKEPPAEGDFFLIDIDS","PLMD-198"
284,"nonsuc","DFFLIDIDSAWSDPCKGIPALDAHLVDEVAE","PLMD-198"
320,"nonsuc","IGPLFESLITSELRTKTRLESTILSEFLPGI","PLMD-198"
3,"nonsuc","AVSILFTRSEGDKPNKNPKDGESRTFLISVA","PLMD-199"
6,"nonsuc","LEAAVSILFTRSEGDKDGESRTFLISVAAEL","PLMD-199"
76,"suc","VQHLSQDEGVNLAGIKRIIELTSQVEALQSR","PLMD-199"
115,"nonsuc","AVLRANQRREVAVVPKPVVAVERRQNARLVA","PLMD-199"
123,"nonsuc","REVAVVPKSTALVVWKWVVLATSKPVVAVER","PLMD-199"
122,"nonsuc","RADRVAGVRRRRALPKLTNQFVEAWVPEDGG","PLMD-200"
143,"nonsuc","VEAWVPEDGGGIPWRKQDQFFNAPANGPAGL","PLMD-200"
169,"suc","GPAGLFLARYPDQYGKRLKRAEQMADWIDRT","PLMD-200"
172,"nonsuc","GLFLARYPDQYGKRLKRAEQMADWIDRTLID","PLMD-200"
198,"nonsuc","RTLIDPETHLVFDGIKAGSLVRAQYTYCQGV","PLMD-200"
6,"nonsuc","TSCAYGAWLPIHLGLKLGLHIPLWAGYACST","PLMD-201"
33,"nonsuc","ACSTLIIFPLVVYGMKVLSQLQLWTTPLWLI","PLMD-201"
74,"nonsuc","VSHPDSIGQFFSYAGKDGHGGLSFGSVLLAA","PLMD-201"
138,"nonsuc","WTLLAGPGWVAFGATKQIIGLFLAVYLMANI","PLMD-201"
194,"nonsuc","LALTLAVILVVLSQIKINVTNAYSGSLAWTN","PLMD-201"
216,"nonsuc","YSGSLAWTNSFTRLTKHYPGRVVFLGVNLAI","PLMD-201"
270,"nonsuc","GMAWVVAVASDIGFNKYLLGLSPKTPEFRRG","PLMD-201"
278,"nonsuc","ASDIGFNKYLLGLSPKTPEFRRGMLYAINPV","PLMD-201"
341,"nonsuc","IVTALVMPPILAAATKGKYYLRRTHDGIDLP","PLMD-201"
343,"suc","TALVMPPILAAATKGKYYLRRTHDGIDLPMY","PLMD-201"
402,"nonsuc","QTHGAHVCSLCLSTDKQAEHVLPGLARAHIP","PLMD-201"
59,"nonsuc","QDRTYLVTGGGSGIGKGVAAGLVAAGAAVMI","PLMD-202"
81,"nonsuc","VAAGAAVMIVGRNPDKLAAAVKDIEALKTGA","PLMD-202"
87,"nonsuc","VMIVGRNPDKLAAAVKDIEALKTGAIGYEPA","PLMD-202"
93,"nonsuc","NPDKLAAAVKDIEALKTGAIGYEPADITDEE","PLMD-202"
164,"nonsuc","RRTVDLNVNGTMYVLKHAARELVRGGGGSFV","PLMD-202"
200,"suc","AASNTHRWFGAYGVTKSAVDHMMKLAADELG","PLMD-202"
208,"nonsuc","FGAYGVTKSAVDHMMKLAADELGPSWVRVNS","PLMD-202"
4,"nonsuc","PIVVWVDSYHTETDMKMDTETHYSDVWVVIP","PLMD-203"
29,"nonsuc","VWVVIPAFNEAAVIGKVVTDVRSVFDHVVCV","PLMD-203"
85,"nonsuc","LGQGAAIQTGIEYARKQPGAQVFATFDGDGQ","PLMD-203"
104,"suc","AQVFATFDGDGQHRVKDVAAMVDRLGAGDVD","PLMD-203"
132,"nonsuc","DVDVVIGTRFGRPVGKASASRPPLMKRIVLQ","PLMD-203"
142,"nonsuc","GRPVGKASASRPPLMKRIVLQTGARLSRRGR","PLMD-203"
173,"nonsuc","RLGLTDTNNGLRVFNKTVADGLNITMSGMSH","PLMD-203"
217,"nonsuc","RVAEEPVEVLYTEYSKSKGQPLLNGVNIIFD","PLMD-203"
219,"nonsuc","AEEPVEVLYTEYSKSKGQPLLNGVNIIFDGF","PLMD-203"
3,"nonsuc","MGALTIQETLWRLPRKRPLRWLTEQITLAGM","PLMD-206"
41,"nonsuc","LLINRPAMQPVDLTGKRILLTGASSGIGAAA","PLMD-206"
58,"suc","ILLTGASSGIGAAATKQFGLHRAVVVAVARR","PLMD-206"
74,"nonsuc","QFGLHRAVVVAVARRKDLLDAVADRITGDGG","PLMD-206"
113,"nonsuc","LSDMEAIDALVEDVEKRIGGIDILINNAGRS","PLMD-206"
196,"nonsuc","VLSEASPLFSVYNASKAALSAVSRIIETEWG","PLMD-206"
234,"nonsuc","TLYYPLVATPMIAPTKAYDGLPALTAAEAAE","PLMD-206"
59,"nonsuc","LRSPTHNGHLLVGALKRHQNKPVLFLGDTRL","PLMD-207"
64,"nonsuc","HNGHLLVGALKRHQNKPVLFLGDTRLTGGQL","PLMD-207"
185,"nonsuc","SLQQILTIGPVPDALKHVAVDLSAEAAKYQP","PLMD-207"
197,"nonsuc","DALKHVAVDLSAEAAKYQPQPLVAADLPPDQ","PLMD-207"
225,"nonsuc","PDQVIGLTYTGGTTGKPKGVIGTAQSIATMT","PLMD-207"
227,"nonsuc","QVIGLTYTGGTTGKPKGVIGTAQSIATMTSI","PLMD-207"
275,"nonsuc","PLSHAGAAFFTPTVIKGGEMIVLAKFDPAEV","PLMD-207"
284,"nonsuc","FTPTVIKGGEMIVLAKFDPAEVLRIIEEQRI","PLMD-207"
370,"nonsuc","YYGQSEAPMVITYLAKGDHDEKRLTSCGRPT","PLMD-207"
376,"nonsuc","APMVITYLAKGDHDEKRLTSCGRPTLFARVA","PLMD-207"
398,"nonsuc","RPTLFARVALLDEHGKPVKQGEVGEICVSGP","PLMD-207"
401,"nonsuc","LFARVALLDEHGKPVKQGEVGEICVSGPLLA","PLMD-207"
431,"nonsuc","AGGYWNLPDETSRTFKDGWLHTGDLAREDSD","PLMD-207"
456,"nonsuc","AREDSDGFYYIVDRVKDMIVTGGFNVFPREV","PLMD-207"
493,"nonsuc","HPAVAQVCVVGAPDEKWGEAVTAVVVLRSNA","PLMD-207"
527,"nonsuc","EPAIEAMTAEIQAAVKQRKGSVQAPKRVVVV","PLMD-207"
530,"nonsuc","IEAMTAEIQAAVKQRKGSVQAPKRVVVVDSL","PLMD-207"
537,"nonsuc","IQAAVKQRKGSVQAPKRVVVVDSLPLTGLGK","PLMD-207"
552,"suc","KRVVVVDSLPLTGLGKPDKKAVRARFWEGAG","PLMD-207"
555,"nonsuc","VVVDSLPLTGLGKPDKKAVRARFWEGAGRAV","PLMD-207"
556,"nonsuc","VVDSLPLTGLGKPDKKAVRARFWEGAGRAVG","PLMD-207"
62,"suc","RDAMLRNRRIVTADLKSDQGLELALKLIAKA","PLMD-210"
72,"nonsuc","VTADLKSDQGLELALKLIAKADVLIEGYRPG","PLMD-210"
76,"nonsuc","LKSDQGLELALKLIAKADVLIEGYRPGVTER","PLMD-210"
101,"nonsuc","PGVTERLGLGPEECAKVNDRLIYARMTGWGQ","PLMD-210"
180,"nonsuc","LVGILAALWERQSSGKGQVVDAAMVDGSSVL","PLMD-210"
9,"nonsuc","TALVGISNGSIVALLKLLAVISGNSIGVLAT","PLMD-211"
26,"nonsuc","LAVISGNSIGVLATIKHDGRPQLSNVQYHFD","PLMD-211"
44,"suc","GRPQLSNVQYHFDPRKLLIQVSIAEPRAKTR","PLMD-211"
57,"nonsuc","PRKLLIQVSIAEPRAKTRNLRRDPRASILVD","PLMD-211"
43,"nonsuc","LLDQQVPMETAFAGPKKIADRMGSFDAGDIA","PLMD-212"
44,"nonsuc","LDQQVPMETAFAGPKKIADRMGSFDAGDIAD","PLMD-212"
64,"nonsuc","MGSFDAGDIADYDPDKFVALCSERPAIHRFP","PLMD-212"
84,"nonsuc","CSERPAIHRFPGSMAKRIQALAQIIVDRYDG","PLMD-212"
120,"suc","WTAGEPDGNELLRRLKGLPGFGEQKARIFLA","PLMD-212"
129,"nonsuc","ELLRRLKGLPGFGEQKARIFLALLGKQYGVT","PLMD-212"
139,"nonsuc","GFGEQKARIFLALLGKQYGVTPKGWQVAAGE","PLMD-212"
146,"nonsuc","RIFLALLGKQYGVTPKGWQVAAGEFGQPGTY","PLMD-212"
180,"nonsuc","ADIVDAGSLGQVRSHKRQRKAAAKAEGKAPT","PLMD-212"
184,"nonsuc","DAGSLGQVRSHKRQRKRQRKHSRVQGLSGAD","PLMD-212"
188,"nonsuc","LGQVRSHKRQRKAAAKAAAKRQRKHSRVQGL","PLMD-212"
192,"nonsuc","RSHKRQRKAAAKAEGKGEAKAAAKRQRKHSR","PLMD-212"
21,"suc","IGLGRMGANIVRRLAKGGHDCVVYDHDPDAV","PLMD-214"
37,"nonsuc","GGHDCVVYDHDPDAVKAMAGEDRTTGVASLR","PLMD-214"
107,"suc","IDGGNTYYRDDLRHEKLLFKKGIHLLDCGTS","PLMD-214"
111,"nonsuc","NTYYRDDLRHEKLLFKKGIHLLDCGTSGGVW","PLMD-214"
112,"suc","TYYRDDLRHEKLLFKKGIHLLDCGTSGGVWG","PLMD-214"
190,"nonsuc","QGYLHCGPCGSGHFVKMVHNGIEYGMMASLA","PLMD-214"
322,"nonsuc","LQSRFASRDLDDFANKALSAMRKQFGGHAEK","PLMD-214"
329,"nonsuc","RDLDDFANKALSAMRKRMASLAKNAFDDLDR","PLMD-214"
337,"nonsuc","KALSAMRKQFGGHAEKEAHGGFQKRMASLAK","PLMD-214"
